/*
    PRODUCTS
*/
INSERT INTO
    products (product_id, name, price)
VALUES
    (
        'f7afdebd-2ab7-46e6-832c-229dc6b5d94b',
        'Cookie',
        1.25
    ),
    (
        'e7f5bfcf-8292-4655-ace7-f7d77c073c98',
        'Orange',
        1.55
    ),
    (
        'f2a8a7a5-fa93-4f0a-a0b3-4bcbfba644c3',
        'Milk',
        2.25
    ),
    (
        '087af08d-f66f-4679-9746-d59a39a3640a',
        'Strawberry',
        3.45
    ),
    (
        'eccab66f-5715-46c0-be10-3f6ae91a13a2',
        'Water bottle',
        0.45
    ),
    (
        'd4abf0e4-9e9a-4f43-9ff7-8abc1090eac5',
        'Watermelon',
        1.59
    ),
    (
        '86afb445-d29a-4c64-b509-804d926eb7af',
        'Potato',
        2.99
    ),
    (
        'c12fd644-d6b9-4729-8a2d-17d64f6ecb37',
        'Taxes',
        5005.25
    ),
    (
        '7c7b44ac-9631-4e23-a76b-b5d50b0de184',
        'Book',
        12.99
    ),
    (
        '023eaa9c-ec48-4555-b720-54a827930c14',
        'Phone charger',
        7.99
    ),
    (
        '4a86be39-4819-45bb-b4b4-d72bb35764ba',
        'Doll',
        5.79
    ),
    (
        'f963f128-bf45-4cd7-b4da-c4ba4c045839',
        'Chair',
        20.15
    ),
    (
        'e89ff714-adf7-41ec-af6a-b71a018b4b28',
        'Cherries - Frozen',
        13.41
    ),
    (
        '75d41784-523e-4135-9986-76340257a7ea',
        'Yogurt - Cherry, 175 Gr',
        98.38
    ),
    (
        'cf474b5c-573f-495a-aafc-30dd81d53358',
        'Wine - Beringer Founders Estate',
        48.86
    ),
    (
        '750504e8-c8b2-487e-9c82-84d6e0709a51',
        'Urban Zen Drinks',
        48.18
    ),
    (
        '7d643946-c854-4dbb-97a0-1a79a021471f',
        'Lotus Rootlets - Canned',
        63.43
    ),
    (
        'ee301294-72bf-4766-bafc-3a8e161707ca',
        'Chicken Giblets',
        63.95
    ),
    (
        '0653aacb-bbc1-4708-a3b1-98193d071fb9',
        'Flax Seed',
        93.56
    ),
    (
        'b05815ce-b6e9-4c18-b567-6a98192f6929',
        'Dry Ice',
        37.55
    ),
    (
        '37bd0074-7f1d-417b-a592-31c4f4ded367',
        'Beer - Original Organic Lager',
        90.05
    ),
    (
        'dd7d0a69-c305-410d-8d94-48f2442680b4',
        'Bread - Roll, Soft White Round',
        74.09
    ),
    (
        '687a5ebd-3ca1-43cc-ad6b-a96d080b7c7b',
        'Pepper - Jalapeno',
        41.01
    ),
    (
        '881b6709-4458-4941-9590-4054dc9f21df',
        'Oil - Margarine',
        93.37
    ),
    (
        'b75aaddb-06ad-48d2-91a7-0182ddb79602',
        'Energy Drink',
        91.08
    );
    /*
        CUSTOMERS
    */
INSERT INTO
    customers (
        customer_id,
        first_name,
        last_name,
        email,
        phone_number
    )
VALUES
    (
        'fce1b59d-910c-4ac3-9e49-7653506fb697',
        'John',
        'Doe',
        'john@doe.com',
        '1234-999-2983'
    ),
    (
        '0b06a186-3853-47fb-bd70-29236c56c183',
        'Johanna',
        'Doe',
        'johanna@doe.com',
        '2345-279-2374'
    ),
    (
        'c7a52f6e-4c10-4b1c-bd45-97f1e2d61b47',
        'Jane',
        'Doe',
        'jane@doe.com',
        '5678-751-2722'
    ),
    (
        'ab3e45bf-7b01-4323-8e3d-1a2b3c4d5e6f',
        'Bob',
        'Smith',
        'bob@smith.com',
        '910-254-5288'
    ),
    (
        'a2d7fb0c-e96c-49ae-b385-d6d73bbfd261',
        'Cora',
        'Hindhaugh',
        'chindhaugh7@mit.edu',
        '719-286-2574'
    ),
    (
        '4ae1f535-5eb7-4ba1-81c4-11e861d18a66',
        'Trixi',
        'Downie',
        'tdownie8@weibo.com',
        '327-734-7486'
    ),
    (
        'cdf1c97f-dd62-430a-90a3-456c5bb5c2b5',
        'Gil',
        'Waples',
        'gwaples9@purevolume.com',
        '427-711-3961'
    ),
    (
        'a08dfd3b-36a6-407e-a39f-adc0c8830db8',
        'Emma',
        'Threadgould',
        'ethreadgoulda@themeforest.net',
        '934-993-9031'
    ),
    (
        '17315285-c14e-4256-8a5f-711f8fccd6b3',
        'Rochelle',
        'Etherton',
        'rethertonb@dailymail.co.uk',
        '387-396-4678'
    ),
    (
        'fe748833-ee0a-4047-b786-37fde73ef74d',
        'Jeanne',
        'Rilston',
        'jrilstonc@yahoo.com',
        '605-941-6355'
    ),
    (
        'f527e33c-d09c-4d7f-809b-b6ef57428af6',
        'Pat',
        'Jimenez',
        'pgimenezd@canalblog.com',
        '684-848-7326'
    );
    /*
        ORDERS
    */
INSERT INTO
    orders (order_id, customer_id, created_at, updated_at)
VALUES
    (
        'f5b36c11-7cf3-4d14-90f2-21655abd6126',
        'fce1b59d-910c-4ac3-9e49-7653506fb697',
        NOW(),
        NOW()
    ),
    (
        '77926bba-aedf-45f5-8ce3-55107a78c982',
        'fce1b59d-910c-4ac3-9e49-7653506fb697',
        NOW(),
        NOW()
    ),
    (
        '385ceac8-d272-48b9-bea9-a2c30611ac65',
        '0b06a186-3853-47fb-bd70-29236c56c183',
        NOW(),
        NOW()
    ),
    (
        'de815a6b-211e-445c-a9d7-3db93eb71264',
        '0b06a186-3853-47fb-bd70-29236c56c183',
        NOW(),
        NOW()
    ),
    (
        'ce6db1b3-77c9-4e2d-9745-96d9997d80c5',
        'c7a52f6e-4c10-4b1c-bd45-97f1e2d61b47',
        NOW(),
        NOW()
    ),
    (
        'a6508588-f894-4562-8112-54ab70a1c6e5',
        'c7a52f6e-4c10-4b1c-bd45-97f1e2d61b47',
        NOW(),
        NOW()
    ),
    (
        '726d283b-4444-430d-aa32-372af265e2e9',
        'ab3e45bf-7b01-4323-8e3d-1a2b3c4d5e6f',
        NOW(),
        NOW()
    ),
    (
        '08e2e947-0bad-4f54-98eb-5b4bbc4863f8',
        'ab3e45bf-7b01-4323-8e3d-1a2b3c4d5e6f',
        NOW(),
        NOW()
    ),
    (
        'c38bf825-7f1d-4dac-98e8-1bd1a2705982',
        'a2d7fb0c-e96c-49ae-b385-d6d73bbfd261',
        NOW(),
        NOW()
    ),
    (
        '0c7fbd2a-6e54-4759-812d-2de14d1e741b',
        'a2d7fb0c-e96c-49ae-b385-d6d73bbfd261',
        NOW(),
        NOW()
    ),
    (
        '32b61110-9edd-4553-b675-8f19480050b9',
        'a2d7fb0c-e96c-49ae-b385-d6d73bbfd261',
        NOW(),
        NOW()
    ),
    (
        'f76730cf-b595-4a4d-b1c8-663eff45cebf',
        'a2d7fb0c-e96c-49ae-b385-d6d73bbfd261',
        NOW(),
        NOW()
    ),
    (
        '76612fc3-9798-4667-a7bf-3b5ee8abb00a',
        'a2d7fb0c-e96c-49ae-b385-d6d73bbfd261',
        NOW(),
        NOW()
    ),
    (
        'afd01b5e-ee81-429f-bc66-343f2b594b3b',
        'a2d7fb0c-e96c-49ae-b385-d6d73bbfd261',
        NOW(),
        NOW()
    ),
    (
        '815750ac-1460-487d-8a4f-42f07ad78473',
        'a2d7fb0c-e96c-49ae-b385-d6d73bbfd261',
        NOW(),
        NOW()
    ),
    (
        'ea5363cd-c100-4bca-97d1-3171b78468fb',
        'a2d7fb0c-e96c-49ae-b385-d6d73bbfd261',
        NOW(),
        NOW()
    ),
    (
        'b314d4c4-c663-41c9-bf63-54c25184cbb6',
        '4ae1f535-5eb7-4ba1-81c4-11e861d18a66',
        NOW(),
        NOW()
    ),
    (
        '91f4655e-29b4-4f57-928d-76cf2287a30d',
        '4ae1f535-5eb7-4ba1-81c4-11e861d18a66',
        NOW(),
        NOW()
    ),
    (
        'a8797516-20e2-41e5-9d92-75ee55266d0d',
        '4ae1f535-5eb7-4ba1-81c4-11e861d18a66',
        NOW(),
        NOW()
    ),
    (
        '15f34b22-409d-42ce-b49e-cb81e3553809',
        '4ae1f535-5eb7-4ba1-81c4-11e861d18a66',
        NOW(),
        NOW()
    ),
    (
        '0a2eed99-428e-4e7f-b4d4-d4f9ff180538',
        '4ae1f535-5eb7-4ba1-81c4-11e861d18a66',
        NOW(),
        NOW()
    ),
    (
        '1a49ed02-2dbd-4ce8-8636-945f78759871',
        '4ae1f535-5eb7-4ba1-81c4-11e861d18a66',
        NOW(),
        NOW()
    ),
    (
        '094f5a48-0868-4944-b56d-c38b3f825d92',
        '4ae1f535-5eb7-4ba1-81c4-11e861d18a66',
        NOW(),
        NOW()
    ),
    (
        'dabdb8b9-e148-48a9-bac7-4824371ee179',
        '4ae1f535-5eb7-4ba1-81c4-11e861d18a66',
        NOW(),
        NOW()
    ),
    (
        '3ee82a8d-b208-4ad7-ac8f-b8768e6c40e9',
        'cdf1c97f-dd62-430a-90a3-456c5bb5c2b5',
        NOW(),
        NOW()
    ),
    (
        'e8c796e7-46b6-4177-904f-f3a2765eabd3',
        'cdf1c97f-dd62-430a-90a3-456c5bb5c2b5',
        NOW(),
        NOW()
    ),
    (
        '3e8597e3-f14d-4204-8c6d-9b0946b9e0a8',
        'cdf1c97f-dd62-430a-90a3-456c5bb5c2b5',
        NOW(),
        NOW()
    ),
    (
        'efc0fa96-e65e-4a36-8f42-9282189111bc',
        'cdf1c97f-dd62-430a-90a3-456c5bb5c2b5',
        NOW(),
        NOW()
    ),
    (
        'd3d51c1e-9e45-46cf-ad17-6cfe9affad87',
        'cdf1c97f-dd62-430a-90a3-456c5bb5c2b5',
        NOW(),
        NOW()
    ),
    (
        'd0222682-bda5-4560-b1cd-cc45c0a5e4b8',
        'cdf1c97f-dd62-430a-90a3-456c5bb5c2b5',
        NOW(),
        NOW()
    ),
    (
        'bc332c36-be02-4a9b-929e-ae0a468a81eb',
        'cdf1c97f-dd62-430a-90a3-456c5bb5c2b5',
        NOW(),
        NOW()
    ),
    (
        '4c365869-faf9-460a-b6b9-f0d60365bf85',
        'cdf1c97f-dd62-430a-90a3-456c5bb5c2b5',
        NOW(),
        NOW()
    ),
    (
        '269fb1a4-3160-4f8e-a636-f332862ce0d0',
        'a08dfd3b-36a6-407e-a39f-adc0c8830db8',
        NOW(),
        NOW()
    ),
    (
        '00bbf2cc-a95a-4a89-9c7c-0f56707c2c36',
        'a08dfd3b-36a6-407e-a39f-adc0c8830db8',
        NOW(),
        NOW()
    ),
    (
        'c9e08ac5-a2c5-4297-b1e4-4173d8bb2ea9',
        'a08dfd3b-36a6-407e-a39f-adc0c8830db8',
        NOW(),
        NOW()
    ),
    (
        '54d1acaf-b1e5-4d8c-9ccf-ce1d941aa7ba',
        'a08dfd3b-36a6-407e-a39f-adc0c8830db8',
        NOW(),
        NOW()
    ),
    (
        '132d8bfc-0976-4ad6-a79b-68e1920b35c9',
        'a08dfd3b-36a6-407e-a39f-adc0c8830db8',
        NOW(),
        NOW()
    ),
    (
        'd1559ec4-d24d-436c-9d64-981fe7366d8a',
        'a08dfd3b-36a6-407e-a39f-adc0c8830db8',
        NOW(),
        NOW()
    ),
    (
        '202ba156-c6ca-4941-acbe-6fd33acd002c',
        'a08dfd3b-36a6-407e-a39f-adc0c8830db8',
        NOW(),
        NOW()
    ),
    (
        '2e5e5953-8085-4301-a630-c930673b1ff9',
        'a08dfd3b-36a6-407e-a39f-adc0c8830db8',
        NOW(),
        NOW()
    ),
    (
        '0dff3336-d625-4b04-a4a4-85af1471d567',
        '17315285-c14e-4256-8a5f-711f8fccd6b3',
        NOW(),
        NOW()
    ),
    (
        '1de963f0-775f-4dc7-93c8-056848b6d288',
        '17315285-c14e-4256-8a5f-711f8fccd6b3',
        NOW(),
        NOW()
    ),
    (
        'e30e6f41-babc-45f5-b9f6-a042689a5c17',
        '17315285-c14e-4256-8a5f-711f8fccd6b3',
        NOW(),
        NOW()
    ),
    (
        'fb33bdb9-d609-4d61-8534-2b243cd37044',
        '17315285-c14e-4256-8a5f-711f8fccd6b3',
        NOW(),
        NOW()
    ),
    (
        '418cfa86-35ea-480a-9f55-814e441edf0c',
        '17315285-c14e-4256-8a5f-711f8fccd6b3',
        NOW(),
        NOW()
    ),
    (
        '5b43fd0c-434f-4490-ba1b-e7924437e3b4',
        '17315285-c14e-4256-8a5f-711f8fccd6b3',
        NOW(),
        NOW()
    ),
    (
        '278ff0b5-5c0e-4fb2-8318-5ad5ce3520c3',
        '17315285-c14e-4256-8a5f-711f8fccd6b3',
        NOW(),
        NOW()
    ),
    (
        '85a6733d-fe21-4a5f-a641-5a99a1cdd977',
        '17315285-c14e-4256-8a5f-711f8fccd6b3',
        NOW(),
        NOW()
    ),
    (
        '71e74a63-4a14-4c38-ade2-198da9e16ead',
        'fe748833-ee0a-4047-b786-37fde73ef74d',
        NOW(),
        NOW()
    ),
    (
        'ab23b176-c891-4966-9ce6-bb381e5682b9',
        'fe748833-ee0a-4047-b786-37fde73ef74d',
        NOW(),
        NOW()
    ),
    (
        '28687faa-b891-4126-b5d9-59f349f18425',
        'fe748833-ee0a-4047-b786-37fde73ef74d',
        NOW(),
        NOW()
    ),
    (
        'e86bb98e-b126-4c48-ad79-575c0990a9d1',
        'fe748833-ee0a-4047-b786-37fde73ef74d',
        NOW(),
        NOW()
    ),
    (
        '73b3dfb2-7a5f-4e86-b6a4-db03ef5f427d',
        'fe748833-ee0a-4047-b786-37fde73ef74d',
        NOW(),
        NOW()
    ),
    (
        '398fb000-3419-426a-92f5-8b8075eb1ceb',
        'fe748833-ee0a-4047-b786-37fde73ef74d',
        NOW(),
        NOW()
    ),
    (
        '7713b0a5-3187-43bf-a3a8-79d809752b54',
        'fe748833-ee0a-4047-b786-37fde73ef74d',
        NOW(),
        NOW()
    ),
    (
        '93db297c-2d64-42bf-93a9-6a6306629bf1',
        'fe748833-ee0a-4047-b786-37fde73ef74d',
        NOW(),
        NOW()
    ),
    (
        'a1a149e6-986c-4873-8e7b-7d441192445f',
        'f527e33c-d09c-4d7f-809b-b6ef57428af6',
        NOW(),
        NOW()
    ),
    (
        'd8d50911-3978-4f7b-af2c-636a6afb0d0f',
        'f527e33c-d09c-4d7f-809b-b6ef57428af6',
        NOW(),
        NOW()
    ),
    (
        '6dfe635b-a678-4b87-84aa-febac79d375f',
        'f527e33c-d09c-4d7f-809b-b6ef57428af6',
        NOW(),
        NOW()
    ),
    (
        '4f1b02ad-0218-4354-8990-3f1f69596624',
        'f527e33c-d09c-4d7f-809b-b6ef57428af6',
        NOW(),
        NOW()
    ),
    (
        '3c89c056-3c88-4b1b-a044-aed0d617f5f9',
        'f527e33c-d09c-4d7f-809b-b6ef57428af6',
        NOW(),
        NOW()
    ),
    (
        '7dfb5d84-d289-4773-a3c6-db93b60dd9c0',
        'f527e33c-d09c-4d7f-809b-b6ef57428af6',
        NOW(),
        NOW()
    ),
    (
        '2f918822-601c-4e44-b48c-0b8ec4ba750b',
        'f527e33c-d09c-4d7f-809b-b6ef57428af6',
        NOW(),
        NOW()
    ),
    (
        '90eacf2c-c117-4441-af69-b035329f61e7',
        'f527e33c-d09c-4d7f-809b-b6ef57428af6',
        NOW(),
        NOW()
    );
    /*
        ORDER ITEMS
    */
INSERT INTO
    order_items (order_item_id, order_id, product_id, quantity)
VALUES
    (
        '776421c5-fc5c-466c-a534-98e2a3aca8f2',
        'f5b36c11-7cf3-4d14-90f2-21655abd6126',
        'e7f5bfcf-8292-4655-ace7-f7d77c073c98',
        50
    ),
    (
        'cd90f146-e84b-4b2e-936d-e433e58335c2',
        'f5b36c11-7cf3-4d14-90f2-21655abd6126',
        'f2a8a7a5-fa93-4f0a-a0b3-4bcbfba644c3',
        15
    ),
    (
        '93b9d615-77ec-40c0-9e30-f24d3ea5eac7',
        'f5b36c11-7cf3-4d14-90f2-21655abd6126',
        '087af08d-f66f-4679-9746-d59a39a3640a',
        12
    ),
    (
        '1f470b8a-e7ca-4c68-9d11-cec3248c0a04',
        '77926bba-aedf-45f5-8ce3-55107a78c982',
        'f7afdebd-2ab7-46e6-832c-229dc6b5d94b',
        1
    ),
    (
        '838b5d80-cf2c-415d-9a3e-2dc0c96d9ff8',
        '77926bba-aedf-45f5-8ce3-55107a78c982',
        'e7f5bfcf-8292-4655-ace7-f7d77c073c98',
        5
    ),
    (
        '64a39e6a-3f8d-48c4-a78d-c33835b9f9be',
        '77926bba-aedf-45f5-8ce3-55107a78c982',
        'f2a8a7a5-fa93-4f0a-a0b3-4bcbfba644c3',
        12
    ),
    (
        '846ae65f-d3b3-48ad-992f-7be40adcdfcd',
        '77926bba-aedf-45f5-8ce3-55107a78c982',
        '087af08d-f66f-4679-9746-d59a39a3640a',
        40
    ),
    (
        '2b58a405-1ffc-4319-b1ec-ec771a0cfbb0',
        '385ceac8-d272-48b9-bea9-a2c30611ac65',
        'f2a8a7a5-fa93-4f0a-a0b3-4bcbfba644c3',
        1
    ),
    (
        '1086148f-f6cf-4de9-a3c9-25623e8a9e55',
        '385ceac8-d272-48b9-bea9-a2c30611ac65',
        'f7afdebd-2ab7-46e6-832c-229dc6b5d94b',
        3
    ),
    (
        '3487fd5a-dbfc-4132-8433-304bab6759ba',
        'de815a6b-211e-445c-a9d7-3db93eb71264',
        'f7afdebd-2ab7-46e6-832c-229dc6b5d94b',
        7
    ),
    (
        'df7ed781-38f9-432a-ae20-e578858a23d5',
        'de815a6b-211e-445c-a9d7-3db93eb71264',
        'f2a8a7a5-fa93-4f0a-a0b3-4bcbfba644c3',
        5
    ),
    (
        'f6249473-e4f3-47ef-83f8-36aefaccd42f',
        'de815a6b-211e-445c-a9d7-3db93eb71264',
        '087af08d-f66f-4679-9746-d59a39a3640a',
        9
    ),
    (
        '4ad08d13-1cbf-4032-b3b2-992a63fab46c',
        'ce6db1b3-77c9-4e2d-9745-96d9997d80c5',
        '087af08d-f66f-4679-9746-d59a39a3640a',
        10
    ),
    (
        'c589f4c3-2130-4a32-9423-d833d1bbf6f6',
        'ce6db1b3-77c9-4e2d-9745-96d9997d80c5',
        'f2a8a7a5-fa93-4f0a-a0b3-4bcbfba644c3',
        10
    ),
    (
        '282bbf83-9458-41cd-b87e-7c813c0f6574',
        'a6508588-f894-4562-8112-54ab70a1c6e5',
        '087af08d-f66f-4679-9746-d59a39a3640a',
        5
    ),
    (
        'afe1a6c4-0368-4964-951b-c7cdb0f9722b',
        'a6508588-f894-4562-8112-54ab70a1c6e5',
        'e7f5bfcf-8292-4655-ace7-f7d77c073c98',
        30
    ),
    (
        '9a528975-7b68-42a4-918a-f578eb221b1f',
        'a6508588-f894-4562-8112-54ab70a1c6e5',
        'f2a8a7a5-fa93-4f0a-a0b3-4bcbfba644c3',
        45
    ),
    (
        '86036a14-12c8-47bc-8511-c3a29908eaa0',
        '726d283b-4444-430d-aa32-372af265e2e9',
        'f7afdebd-2ab7-46e6-832c-229dc6b5d94b',
        5
    ),
    (
        'b00a973e-b9b0-4e5b-bb18-fe51c612cd09',
        '726d283b-4444-430d-aa32-372af265e2e9',
        'e7f5bfcf-8292-4655-ace7-f7d77c073c98',
        2
    ),
    (
        'd01b22af-909e-4057-93cf-a61f62bac7fb',
        '726d283b-4444-430d-aa32-372af265e2e9',
        'f2a8a7a5-fa93-4f0a-a0b3-4bcbfba644c3',
        3
    ),
    (
        '967a9c04-6b9c-4253-9448-537a252d2790',
        '726d283b-4444-430d-aa32-372af265e2e9',
        '087af08d-f66f-4679-9746-d59a39a3640a',
        4
    ),
    (
        'b1c9ae6e-03fd-46cf-a1c8-8c531545bf88',
        '08e2e947-0bad-4f54-98eb-5b4bbc4863f8',
        '087af08d-f66f-4679-9746-d59a39a3640a',
        10
    ),
    (
        'e31db058-550a-4250-874e-fdbe58b358fa',
        '08e2e947-0bad-4f54-98eb-5b4bbc4863f8',
        'e7f5bfcf-8292-4655-ace7-f7d77c073c98',
        5
    ),
    (
        '95183bcd-1465-459b-bf95-05204e864351',
        'c38bf825-7f1d-4dac-98e8-1bd1a2705982',
        '75d41784-523e-4135-9986-76340257a7ea',
        2
    ),
    (
        '59b70dd5-5750-4d3e-b410-3f1493d64f68',
        'c38bf825-7f1d-4dac-98e8-1bd1a2705982',
        'f2a8a7a5-fa93-4f0a-a0b3-4bcbfba644c3',
        10
    ),
    (
        '0610facd-f404-4ea0-8546-9d87421e7c19',
        'c38bf825-7f1d-4dac-98e8-1bd1a2705982',
        '881b6709-4458-4941-9590-4054dc9f21df',
        9
    ),
    (
        '447a3910-1545-4fa0-921a-29a3b762619d',
        'c38bf825-7f1d-4dac-98e8-1bd1a2705982',
        'f7afdebd-2ab7-46e6-832c-229dc6b5d94b',
        10
    ),
    (
        'ac0ee261-02b1-485b-bf8d-fa8409dbc11b',
        'c38bf825-7f1d-4dac-98e8-1bd1a2705982',
        '023eaa9c-ec48-4555-b720-54a827930c14',
        15
    ),
    (
        'c64f3dec-813a-4045-9f91-594da4f412d8',
        'c38bf825-7f1d-4dac-98e8-1bd1a2705982',
        'd4abf0e4-9e9a-4f43-9ff7-8abc1090eac5',
        10
    ),
    (
        'a23d1a46-58cd-43de-8dc2-ba43f5e04709',
        'c38bf825-7f1d-4dac-98e8-1bd1a2705982',
        '4a86be39-4819-45bb-b4b4-d72bb35764ba',
        1
    ),
    (
        '98abeec4-dcf3-4332-bb92-f92fd2711887',
        '0c7fbd2a-6e54-4759-812d-2de14d1e741b',
        '7d643946-c854-4dbb-97a0-1a79a021471f',
        7
    ),
    (
        'd4b062ce-e178-48fb-976d-cbf2af5e225c',
        '0c7fbd2a-6e54-4759-812d-2de14d1e741b',
        'ee301294-72bf-4766-bafc-3a8e161707ca',
        10
    ),
    (
        '8eeda562-87ff-4389-8c9f-8f3226f6b29d',
        '0c7fbd2a-6e54-4759-812d-2de14d1e741b',
        '0653aacb-bbc1-4708-a3b1-98193d071fb9',
        9
    ),
    (
        '782fd1fa-db8c-444d-b06a-62b0a43cc292',
        '0c7fbd2a-6e54-4759-812d-2de14d1e741b',
        'ee301294-72bf-4766-bafc-3a8e161707ca',
        50
    ),
    (
        'be6874c4-bf34-4326-886a-daf932442fa9',
        '32b61110-9edd-4553-b675-8f19480050b9',
        '750504e8-c8b2-487e-9c82-84d6e0709a51',
        25
    ),
    (
        'ac0a4876-e897-4692-a9c8-74609fb3a02f',
        '32b61110-9edd-4553-b675-8f19480050b9',
        'f963f128-bf45-4cd7-b4da-c4ba4c045839',
        110
    ),
    (
        '49c1e962-bf4d-4a99-bfdf-48d11ba3574c',
        'f76730cf-b595-4a4d-b1c8-663eff45cebf',
        '7d643946-c854-4dbb-97a0-1a79a021471f',
        5
    ),
    (
        '433277a1-e06d-4c42-a6ed-8c68fcb652c6',
        'f76730cf-b595-4a4d-b1c8-663eff45cebf',
        '750504e8-c8b2-487e-9c82-84d6e0709a51',
        98
    ),
    (
        '99c45030-3553-4741-88fd-a1a641cc462e',
        'f76730cf-b595-4a4d-b1c8-663eff45cebf',
        'f2a8a7a5-fa93-4f0a-a0b3-4bcbfba644c3',
        3
    ),
    (
        '5342ebd1-7b48-4b6c-8056-e5682ce7dea6',
        'f76730cf-b595-4a4d-b1c8-663eff45cebf',
        'dd7d0a69-c305-410d-8d94-48f2442680b4',
        8
    ),
    (
        'cd443d31-8a6e-44c6-bae3-961dc6a36eb0',
        'f76730cf-b595-4a4d-b1c8-663eff45cebf',
        '687a5ebd-3ca1-43cc-ad6b-a96d080b7c7b',
        6
    ),
    (
        '1a918a26-107c-4b9e-9e5f-f66017418e71',
        'f76730cf-b595-4a4d-b1c8-663eff45cebf',
        'eccab66f-5715-46c0-be10-3f6ae91a13a2',
        11
    ),
    (
        '7a4ee174-04d0-4cfd-ae27-7a003104a533',
        '76612fc3-9798-4667-a7bf-3b5ee8abb00a',
        'c12fd644-d6b9-4729-8a2d-17d64f6ecb37',
        11
    ),
    (
        '260f32e6-2366-47ee-bcd8-4b288da85172',
        '76612fc3-9798-4667-a7bf-3b5ee8abb00a',
        'cf474b5c-573f-495a-aafc-30dd81d53358',
        6
    ),
    (
        '63213ed8-8898-4634-a56b-ea014783fbf8',
        '76612fc3-9798-4667-a7bf-3b5ee8abb00a',
        'b05815ce-b6e9-4c18-b567-6a98192f6929',
        9
    ),
    (
        'cbe5bb04-edcb-4e4b-81f5-69c7f3827a1a',
        'afd01b5e-ee81-429f-bc66-343f2b594b3b',
        '7d643946-c854-4dbb-97a0-1a79a021471f',
        51
    ),
    (
        '8c65670f-afa1-4a75-9afc-fa262aca1c0a',
        'afd01b5e-ee81-429f-bc66-343f2b594b3b',
        '750504e8-c8b2-487e-9c82-84d6e0709a51',
        10
    ),
    (
        'c1600c80-8457-44b4-88ce-338a6cb38ac3',
        'afd01b5e-ee81-429f-bc66-343f2b594b3b',
        'cf474b5c-573f-495a-aafc-30dd81d53358',
        35
    ),
    (
        'd8872fd9-a63d-4a4f-80d9-f21cb271f428',
        'afd01b5e-ee81-429f-bc66-343f2b594b3b',
        'dd7d0a69-c305-410d-8d94-48f2442680b4',
        99
    ),
    (
        'c6a37b3b-772e-4939-a07a-ff725c8d1d3a',
        'afd01b5e-ee81-429f-bc66-343f2b594b3b',
        '687a5ebd-3ca1-43cc-ad6b-a96d080b7c7b',
        14
    ),
    (
        'd7db2c22-190c-4a72-8f55-09ebf1b83ee3',
        'afd01b5e-ee81-429f-bc66-343f2b594b3b',
        '023eaa9c-ec48-4555-b720-54a827930c14',
        23
    ),
    (
        '4cea853c-58f2-4639-a0a5-763652b51cb4',
        '815750ac-1460-487d-8a4f-42f07ad78473',
        'dd7d0a69-c305-410d-8d94-48f2442680b4',
        10
    ),
    (
        '7204db0d-8e2c-42da-b293-6f3b5095bfd1',
        '815750ac-1460-487d-8a4f-42f07ad78473',
        '687a5ebd-3ca1-43cc-ad6b-a96d080b7c7b',
        2
    ),
    (
        '688439d6-4b6c-41f8-af5b-009d5b2bd72e',
        '815750ac-1460-487d-8a4f-42f07ad78473',
        'eccab66f-5715-46c0-be10-3f6ae91a13a2',
        3
    ),
    (
        '8e071506-a412-4d73-b9ed-6a7d72dd79f3',
        '815750ac-1460-487d-8a4f-42f07ad78473',
        '7d643946-c854-4dbb-97a0-1a79a021471f',
        14
    ),
    (
        'f5933be6-63bb-4234-a0cc-5c37a6a333b4',
        '815750ac-1460-487d-8a4f-42f07ad78473',
        '750504e8-c8b2-487e-9c82-84d6e0709a51',
        9
    ),
    (
        '882ae700-59fe-4132-b10d-74043d5085e8',
        'ea5363cd-c100-4bca-97d1-3171b78468fb',
        '7d643946-c854-4dbb-97a0-1a79a021471f',
        10
    ),
    (
        'bb7e3afc-703f-4bb0-9d7c-b332b44e6af1',
        'ea5363cd-c100-4bca-97d1-3171b78468fb',
        '0653aacb-bbc1-4708-a3b1-98193d071fb9',
        3
    ),
    (
        'cfd8f522-4f34-4d5d-a795-d781fa7249bd',
        'b314d4c4-c663-41c9-bf63-54c25184cbb6',
        '087af08d-f66f-4679-9746-d59a39a3640a',
        16
    ),
    (
        '93ec71bd-c247-41cc-8114-fef78617f72a',
        'b314d4c4-c663-41c9-bf63-54c25184cbb6',
        'ee301294-72bf-4766-bafc-3a8e161707ca',
        20
    ),
    (
        '9c9f661b-1585-4e61-ba98-df1bd50068e2',
        'b314d4c4-c663-41c9-bf63-54c25184cbb6',
        '4a86be39-4819-45bb-b4b4-d72bb35764ba',
        3
    ),
    (
        '92c6f506-66a5-4726-8c35-3a7119ca2662',
        'b314d4c4-c663-41c9-bf63-54c25184cbb6',
        '7d643946-c854-4dbb-97a0-1a79a021471f',
        11
    ),
    (
        '8ea5a82c-5ba6-4ecf-acdb-8b307739aec8',
        'b314d4c4-c663-41c9-bf63-54c25184cbb6',
        'dd7d0a69-c305-410d-8d94-48f2442680b4',
        97
    ),
    (
        'c7d8c516-0522-4f35-93fb-d9c39a50a794',
        'b314d4c4-c663-41c9-bf63-54c25184cbb6',
        'e7f5bfcf-8292-4655-ace7-f7d77c073c98',
        10
    ),
    (
        '954eb06f-ed81-4e5e-995d-9776dd8afb95',
        '91f4655e-29b4-4f57-928d-76cf2287a30d',
        'dd7d0a69-c305-410d-8d94-48f2442680b4',
        10
    ),
    (
        'ea8d6175-884b-4b7f-afbf-b80bba35b7ab',
        '91f4655e-29b4-4f57-928d-76cf2287a30d',
        '0653aacb-bbc1-4708-a3b1-98193d071fb9',
        10
    ),
    (
        'ee95946b-8052-4a45-9acc-558609c836be',
        '91f4655e-29b4-4f57-928d-76cf2287a30d',
        '7c7b44ac-9631-4e23-a76b-b5d50b0de184',
        2
    ),
    (
        '30cae576-35e0-4e8a-8533-058c4fe5a4fc',
        '91f4655e-29b4-4f57-928d-76cf2287a30d',
        '881b6709-4458-4941-9590-4054dc9f21df',
        110
    ),
    (
        'f9f42c77-4458-4af9-b615-dec74b43889c',
        '91f4655e-29b4-4f57-928d-76cf2287a30d',
        '7d643946-c854-4dbb-97a0-1a79a021471f',
        14
    ),
    (
        'c1c338eb-1f07-4063-a7d7-c6a56d59a11b',
        '91f4655e-29b4-4f57-928d-76cf2287a30d',
        '087af08d-f66f-4679-9746-d59a39a3640a',
        102
    ),
    (
        '08e9cb21-bd3c-4b43-bb96-5144e06b77cd',
        'a8797516-20e2-41e5-9d92-75ee55266d0d',
        'c12fd644-d6b9-4729-8a2d-17d64f6ecb37',
        20
    ),
    (
        'eb786284-d296-47f7-8663-cad2a82d47c6',
        'a8797516-20e2-41e5-9d92-75ee55266d0d',
        '881b6709-4458-4941-9590-4054dc9f21df',
        23
    ),
    (
        '370eedf6-9365-4fa8-9b35-911004cfa312',
        'a8797516-20e2-41e5-9d92-75ee55266d0d',
        'f963f128-bf45-4cd7-b4da-c4ba4c045839',
        20
    ),
    (
        '4a875800-d6f5-4489-8ce6-548d0f573c5e',
        'a8797516-20e2-41e5-9d92-75ee55266d0d',
        '0653aacb-bbc1-4708-a3b1-98193d071fb9',
        6
    ),
    (
        'aa0bb2e8-e6fc-4002-a21a-c8af6d945060',
        'a8797516-20e2-41e5-9d92-75ee55266d0d',
        'd4abf0e4-9e9a-4f43-9ff7-8abc1090eac5',
        5
    ),
    (
        '93da04f1-443c-458b-861e-e131437de89f',
        'a8797516-20e2-41e5-9d92-75ee55266d0d',
        'f2a8a7a5-fa93-4f0a-a0b3-4bcbfba644c3',
        23
    ),
    (
        '1fc11a74-979b-4802-be32-5f460262ef53',
        '15f34b22-409d-42ce-b49e-cb81e3553809',
        '86afb445-d29a-4c64-b509-804d926eb7af',
        3
    ),
    (
        '6a880088-b1b2-4191-abdc-ab764df35b09',
        '15f34b22-409d-42ce-b49e-cb81e3553809',
        'eccab66f-5715-46c0-be10-3f6ae91a13a2',
        102
    ),
    (
        'f822b8f0-52f2-4888-b27d-5c8edd707951',
        '15f34b22-409d-42ce-b49e-cb81e3553809',
        'b75aaddb-06ad-48d2-91a7-0182ddb79602',
        3
    ),
    (
        '8289a33b-fb97-44ab-a964-70d155216b21',
        '15f34b22-409d-42ce-b49e-cb81e3553809',
        'ee301294-72bf-4766-bafc-3a8e161707ca',
        5
    ),
    (
        '19cd569b-a606-4be7-90ab-60bd5f50e4f9',
        '15f34b22-409d-42ce-b49e-cb81e3553809',
        '087af08d-f66f-4679-9746-d59a39a3640a',
        102
    ),
    (
        '3c603334-2e36-46e6-a4ed-fca5a5b4436e',
        '15f34b22-409d-42ce-b49e-cb81e3553809',
        'e89ff714-adf7-41ec-af6a-b71a018b4b28',
        5
    ),
    (
        '3ed4fb39-57ef-4fa8-a1cd-e9b850a14a1c',
        '0a2eed99-428e-4e7f-b4d4-d4f9ff180538',
        'b05815ce-b6e9-4c18-b567-6a98192f6929',
        3
    ),
    (
        '57e143d1-eb49-448b-b3e7-2cf1ebd1940c',
        '0a2eed99-428e-4e7f-b4d4-d4f9ff180538',
        '687a5ebd-3ca1-43cc-ad6b-a96d080b7c7b',
        2
    ),
    (
        '4769eaf8-c454-4689-90a2-00576e244a90',
        '0a2eed99-428e-4e7f-b4d4-d4f9ff180538',
        '023eaa9c-ec48-4555-b720-54a827930c14',
        99
    ),
    (
        '30a56ea4-d791-4da6-91da-8faf2f24d381',
        '0a2eed99-428e-4e7f-b4d4-d4f9ff180538',
        '86afb445-d29a-4c64-b509-804d926eb7af',
        97
    ),
    (
        '36f22f78-dfba-4249-a65e-eb329b0c7290',
        '0a2eed99-428e-4e7f-b4d4-d4f9ff180538',
        '0653aacb-bbc1-4708-a3b1-98193d071fb9',
        5
    ),
    (
        'c67515b3-ca59-4775-94b2-f79b46eb35d7',
        '0a2eed99-428e-4e7f-b4d4-d4f9ff180538',
        '7c7b44ac-9631-4e23-a76b-b5d50b0de184',
        7
    ),
    (
        'b1c8281e-1e5a-4159-99d8-08464a8cfe37',
        '1a49ed02-2dbd-4ce8-8636-945f78759871',
        'cf474b5c-573f-495a-aafc-30dd81d53358',
        35
    ),
    (
        '7eac24b3-63c0-4522-9d14-7440f44b251d',
        '1a49ed02-2dbd-4ce8-8636-945f78759871',
        '881b6709-4458-4941-9590-4054dc9f21df',
        102
    ),
    (
        '7a5154ea-024e-4035-97b7-a14110f3c693',
        '1a49ed02-2dbd-4ce8-8636-945f78759871',
        '37bd0074-7f1d-417b-a592-31c4f4ded367',
        25
    ),
    (
        '9d31cf9f-3a2e-4b44-bd65-dcddaaa89092',
        '1a49ed02-2dbd-4ce8-8636-945f78759871',
        'dd7d0a69-c305-410d-8d94-48f2442680b4',
        35
    ),
    (
        '58436876-7ea5-4a56-bc8f-af82c705d394',
        '1a49ed02-2dbd-4ce8-8636-945f78759871',
        '087af08d-f66f-4679-9746-d59a39a3640a',
        110
    ),
    (
        'ceeca14e-89ab-427e-a8e1-d54aa61eea4e',
        '1a49ed02-2dbd-4ce8-8636-945f78759871',
        '75d41784-523e-4135-9986-76340257a7ea',
        14
    ),
    (
        '778aa8c8-96b1-4523-868e-11a27a8f0ca5',
        '094f5a48-0868-4944-b56d-c38b3f825d92',
        'c12fd644-d6b9-4729-8a2d-17d64f6ecb37',
        20
    ),
    (
        'ab0b52fa-9e13-4023-b88c-e830af94831f',
        '094f5a48-0868-4944-b56d-c38b3f825d92',
        '023eaa9c-ec48-4555-b720-54a827930c14',
        10
    ),
    (
        '0c152d14-9e29-442e-8ef8-ee2eca96b7d2',
        '094f5a48-0868-4944-b56d-c38b3f825d92',
        'd4abf0e4-9e9a-4f43-9ff7-8abc1090eac5',
        6
    ),
    (
        '21e1d261-9545-47a3-af1c-e9ed095fcbf7',
        '094f5a48-0868-4944-b56d-c38b3f825d92',
        'eccab66f-5715-46c0-be10-3f6ae91a13a2',
        5
    ),
    (
        '32b61d56-c846-4db7-b132-7cae3c961ee1',
        '094f5a48-0868-4944-b56d-c38b3f825d92',
        '37bd0074-7f1d-417b-a592-31c4f4ded367',
        23
    ),
    (
        'e57f025c-854c-49dd-89bd-c35182e93993',
        '094f5a48-0868-4944-b56d-c38b3f825d92',
        '4a86be39-4819-45bb-b4b4-d72bb35764ba',
        20
    ),
    (
        'a1c1a2ba-6094-4108-8a48-4c20ff7ff5f3',
        'dabdb8b9-e148-48a9-bac7-4824371ee179',
        '687a5ebd-3ca1-43cc-ad6b-a96d080b7c7b',
        25
    ),
    (
        'ae1beeb4-4e8b-44e4-ad69-92e60639fbce',
        'dabdb8b9-e148-48a9-bac7-4824371ee179',
        '75d41784-523e-4135-9986-76340257a7ea',
        5
    ),
    (
        '26e06d53-b51e-4456-a371-47e438f45471',
        'dabdb8b9-e148-48a9-bac7-4824371ee179',
        '087af08d-f66f-4679-9746-d59a39a3640a',
        10
    ),
    (
        'bd5889c9-ab48-41e5-80f8-6e1e559ad77a',
        'dabdb8b9-e148-48a9-bac7-4824371ee179',
        '750504e8-c8b2-487e-9c82-84d6e0709a51',
        20
    ),
    (
        'e5aa4483-5fdf-4861-b287-c1d9cf7144cf',
        'dabdb8b9-e148-48a9-bac7-4824371ee179',
        '881b6709-4458-4941-9590-4054dc9f21df',
        40
    ),
    (
        '20af11d5-e65a-43ff-b84e-37399d785c12',
        'dabdb8b9-e148-48a9-bac7-4824371ee179',
        'e7f5bfcf-8292-4655-ace7-f7d77c073c98',
        40
    ),
    (
        'c57540e9-4c6a-470a-9595-0971dc00d1b4',
        '3ee82a8d-b208-4ad7-ac8f-b8768e6c40e9',
        '023eaa9c-ec48-4555-b720-54a827930c14',
        14
    ),
    (
        '8793c944-f4f9-4325-865a-d6ece1ef8b6a',
        '3ee82a8d-b208-4ad7-ac8f-b8768e6c40e9',
        'd4abf0e4-9e9a-4f43-9ff7-8abc1090eac5',
        23
    ),
    (
        'e76d096e-0c29-4a24-9fc3-c12e90df094b',
        '3ee82a8d-b208-4ad7-ac8f-b8768e6c40e9',
        'eccab66f-5715-46c0-be10-3f6ae91a13a2',
        11
    ),
    (
        '3438d6e3-52a6-49f3-a935-d8d08eb4cdce',
        '3ee82a8d-b208-4ad7-ac8f-b8768e6c40e9',
        '37bd0074-7f1d-417b-a592-31c4f4ded367',
        11
    ),
    (
        '5da25650-34d0-400b-94ac-92dcf2f2865c',
        'e8c796e7-46b6-4177-904f-f3a2765eabd3',
        'ee301294-72bf-4766-bafc-3a8e161707ca',
        40
    ),
    (
        'dca887ce-d8ab-4213-94a5-bf27a98bebe5',
        'e8c796e7-46b6-4177-904f-f3a2765eabd3',
        'b05815ce-b6e9-4c18-b567-6a98192f6929',
        51
    ),
    (
        '6866fde6-6657-4efe-b9b7-bb17fe6cef74',
        'e8c796e7-46b6-4177-904f-f3a2765eabd3',
        'b75aaddb-06ad-48d2-91a7-0182ddb79602',
        3
    ),
    (
        '296290e6-98b8-4f92-af07-24f51fadfa28',
        'e8c796e7-46b6-4177-904f-f3a2765eabd3',
        '86afb445-d29a-4c64-b509-804d926eb7af',
        10
    ),
    (
        'f4d99967-3389-46a8-a7c9-a0da65fe1460',
        '3e8597e3-f14d-4204-8c6d-9b0946b9e0a8',
        '750504e8-c8b2-487e-9c82-84d6e0709a51',
        5
    ),
    (
        'f2c53838-1c1e-4161-9386-b49f2ce7b444',
        '3e8597e3-f14d-4204-8c6d-9b0946b9e0a8',
        'c12fd644-d6b9-4729-8a2d-17d64f6ecb37',
        11
    ),
    (
        '2453ce65-2ce9-47a6-a213-5cfe09b75e65',
        '3e8597e3-f14d-4204-8c6d-9b0946b9e0a8',
        'f2a8a7a5-fa93-4f0a-a0b3-4bcbfba644c3',
        5
    ),
    (
        'a582b702-8e84-4982-b8a1-125d73af93c9',
        '3e8597e3-f14d-4204-8c6d-9b0946b9e0a8',
        '4a86be39-4819-45bb-b4b4-d72bb35764ba',
        14
    ),
    (
        '41e7679c-94ba-47c2-bf1c-20710bb038ae',
        'efc0fa96-e65e-4a36-8f42-9282189111bc',
        '86afb445-d29a-4c64-b509-804d926eb7af',
        9
    ),
    (
        'af00b12f-40a9-4634-85e9-b1c1f97cfa54',
        'efc0fa96-e65e-4a36-8f42-9282189111bc',
        '687a5ebd-3ca1-43cc-ad6b-a96d080b7c7b',
        25
    ),
    (
        '22e9ed13-62c5-44e3-be17-f5bdaa880bf8',
        'efc0fa96-e65e-4a36-8f42-9282189111bc',
        'cf474b5c-573f-495a-aafc-30dd81d53358',
        16
    ),
    (
        '66169c21-67fc-44da-8da8-0d2740256e96',
        'efc0fa96-e65e-4a36-8f42-9282189111bc',
        '881b6709-4458-4941-9590-4054dc9f21df',
        20
    ),
    (
        '3389b83b-1168-47f3-b5b7-c4657612e257',
        'd3d51c1e-9e45-46cf-ad17-6cfe9affad87',
        '750504e8-c8b2-487e-9c82-84d6e0709a51',
        99
    ),
    (
        '6892bbb7-1351-4d5a-a802-0440ce4266da',
        'd3d51c1e-9e45-46cf-ad17-6cfe9affad87',
        '86afb445-d29a-4c64-b509-804d926eb7af',
        14
    ),
    (
        'e6c24224-cd07-4983-951b-e812684a3224',
        'd3d51c1e-9e45-46cf-ad17-6cfe9affad87',
        'ee301294-72bf-4766-bafc-3a8e161707ca',
        9
    ),
    (
        '42355c10-65c7-4b6a-8131-0b242040de79',
        'd3d51c1e-9e45-46cf-ad17-6cfe9affad87',
        '75d41784-523e-4135-9986-76340257a7ea',
        20
    ),
    (
        'a6894413-55ca-44e1-956c-4f5b5b7be884',
        'd0222682-bda5-4560-b1cd-cc45c0a5e4b8',
        '37bd0074-7f1d-417b-a592-31c4f4ded367',
        23
    ),
    (
        '6669ea46-46c9-43ba-a272-75855e10261a',
        'd0222682-bda5-4560-b1cd-cc45c0a5e4b8',
        '7d643946-c854-4dbb-97a0-1a79a021471f',
        10
    ),
    (
        'a6e12a5d-fcc3-4ccc-b077-bd92d642337f',
        'd0222682-bda5-4560-b1cd-cc45c0a5e4b8',
        'eccab66f-5715-46c0-be10-3f6ae91a13a2',
        12
    ),
    (
        '61313a90-bf82-49ce-b0b3-92d11589b88d',
        'd0222682-bda5-4560-b1cd-cc45c0a5e4b8',
        '7c7b44ac-9631-4e23-a76b-b5d50b0de184',
        20
    ),
    (
        'f3d5b275-c670-4bf2-b233-83718d6c64bc',
        'bc332c36-be02-4a9b-929e-ae0a468a81eb',
        '0653aacb-bbc1-4708-a3b1-98193d071fb9',
        9
    ),
    (
        '2a0c05ec-9a8f-4c53-a0fb-61fffb0132d1',
        'bc332c36-be02-4a9b-929e-ae0a468a81eb',
        'd4abf0e4-9e9a-4f43-9ff7-8abc1090eac5',
        5
    ),
    (
        '73bbae35-11ad-4044-a3f7-8c2120a95553',
        'bc332c36-be02-4a9b-929e-ae0a468a81eb',
        'b75aaddb-06ad-48d2-91a7-0182ddb79602',
        50
    ),
    (
        '5b0616f5-6d59-4abb-a4f6-d06819112be1',
        'bc332c36-be02-4a9b-929e-ae0a468a81eb',
        '4a86be39-4819-45bb-b4b4-d72bb35764ba',
        2
    ),
    (
        '1a004d24-e21f-4ec4-91e4-322f5328e639',
        '4c365869-faf9-460a-b6b9-f0d60365bf85',
        '7c7b44ac-9631-4e23-a76b-b5d50b0de184',
        20
    ),
    (
        '1a007d64-4b86-4f71-b582-56cf499fb635',
        '4c365869-faf9-460a-b6b9-f0d60365bf85',
        '37bd0074-7f1d-417b-a592-31c4f4ded367',
        51
    ),
    (
        '41f9c6d7-0718-4a4a-b922-32fc644b27d8',
        '4c365869-faf9-460a-b6b9-f0d60365bf85',
        'c12fd644-d6b9-4729-8a2d-17d64f6ecb37',
        40
    ),
    (
        'b9a550d0-c75d-436c-ba36-22674ee75c2f',
        '4c365869-faf9-460a-b6b9-f0d60365bf85',
        'f963f128-bf45-4cd7-b4da-c4ba4c045839',
        110
    ),
    (
        'a9460715-159c-4bf2-b5b1-3c87bb93883b',
        '269fb1a4-3160-4f8e-a636-f332862ce0d0',
        '750504e8-c8b2-487e-9c82-84d6e0709a51',
        50
    ),
    (
        'd4ad7d5b-5ffa-447b-8caa-f52d2263cd61',
        '269fb1a4-3160-4f8e-a636-f332862ce0d0',
        'e89ff714-adf7-41ec-af6a-b71a018b4b28',
        10
    ),
    (
        'b2f0a43f-14c3-40a9-9802-7935d559abd5',
        '269fb1a4-3160-4f8e-a636-f332862ce0d0',
        '4a86be39-4819-45bb-b4b4-d72bb35764ba',
        40
    ),
    (
        'ac64964c-842d-47a8-95c2-478fad6baf07',
        '00bbf2cc-a95a-4a89-9c7c-0f56707c2c36',
        'b05815ce-b6e9-4c18-b567-6a98192f6929',
        97
    ),
    (
        '259270d6-1343-4d5f-96d5-d907e11eb9be',
        '00bbf2cc-a95a-4a89-9c7c-0f56707c2c36',
        '75d41784-523e-4135-9986-76340257a7ea',
        99
    ),
    (
        'ff38f53b-0775-48b0-a1a1-d80fce81f16f',
        '00bbf2cc-a95a-4a89-9c7c-0f56707c2c36',
        '7c7b44ac-9631-4e23-a76b-b5d50b0de184',
        12
    ),
    (
        'dbc296d7-8e93-4755-99ad-14fd01446187',
        'c9e08ac5-a2c5-4297-b1e4-4173d8bb2ea9',
        'c12fd644-d6b9-4729-8a2d-17d64f6ecb37',
        3
    ),
    (
        'd91b5468-bbf7-425f-bcb0-0b4f631b6ba8',
        'c9e08ac5-a2c5-4297-b1e4-4173d8bb2ea9',
        '687a5ebd-3ca1-43cc-ad6b-a96d080b7c7b',
        11
    ),
    (
        '1aa00864-92d0-4710-9f49-442184886c4b',
        'c9e08ac5-a2c5-4297-b1e4-4173d8bb2ea9',
        'cf474b5c-573f-495a-aafc-30dd81d53358',
        16
    ),
    (
        '4eff7479-43c8-4a08-8cc0-e0a9b1705719',
        '54d1acaf-b1e5-4d8c-9ccf-ce1d941aa7ba',
        '37bd0074-7f1d-417b-a592-31c4f4ded367',
        27
    ),
    (
        '1ddeea44-4060-41b8-a4be-dd12672ab60b',
        '54d1acaf-b1e5-4d8c-9ccf-ce1d941aa7ba',
        'f963f128-bf45-4cd7-b4da-c4ba4c045839',
        10
    ),
    (
        'a750194b-3feb-43ef-8164-1d39afe23fe5',
        '54d1acaf-b1e5-4d8c-9ccf-ce1d941aa7ba',
        '881b6709-4458-4941-9590-4054dc9f21df',
        9
    ),
    (
        '80f4867d-cabc-40ee-a06e-a8b8279641dd',
        '132d8bfc-0976-4ad6-a79b-68e1920b35c9',
        'ee301294-72bf-4766-bafc-3a8e161707ca',
        20
    ),
    (
        '4fa1137c-b351-408a-8a19-d39c152a3380',
        '132d8bfc-0976-4ad6-a79b-68e1920b35c9',
        '0653aacb-bbc1-4708-a3b1-98193d071fb9',
        9
    ),
    (
        '1708d187-9cfd-4f35-bbca-1acdd85b3f8c',
        '132d8bfc-0976-4ad6-a79b-68e1920b35c9',
        '087af08d-f66f-4679-9746-d59a39a3640a',
        9
    ),
    (
        '6aeca97d-d602-4a11-aaf7-ab9c60e0fb32',
        'd1559ec4-d24d-436c-9d64-981fe7366d8a',
        'b75aaddb-06ad-48d2-91a7-0182ddb79602',
        23
    ),
    (
        'b3e50154-fc74-49c3-a68f-b38730c7dca8',
        'd1559ec4-d24d-436c-9d64-981fe7366d8a',
        '7d643946-c854-4dbb-97a0-1a79a021471f',
        8
    ),
    (
        'ccdeab20-a634-424d-a446-ee9be3eb92ee',
        'd1559ec4-d24d-436c-9d64-981fe7366d8a',
        'f2a8a7a5-fa93-4f0a-a0b3-4bcbfba644c3',
        3
    ),
    (
        '61b6eb19-0ee6-46c4-8756-c1e142d08265',
        '202ba156-c6ca-4941-acbe-6fd33acd002c',
        'd4abf0e4-9e9a-4f43-9ff7-8abc1090eac5',
        11
    ),
    (
        '9b349153-49d5-48ed-bb9f-df5b8535aaca',
        '202ba156-c6ca-4941-acbe-6fd33acd002c',
        '86afb445-d29a-4c64-b509-804d926eb7af',
        10
    ),
    (
        '62da6210-e6fb-49c5-bd77-ed13ac6930a9',
        '202ba156-c6ca-4941-acbe-6fd33acd002c',
        '023eaa9c-ec48-4555-b720-54a827930c14',
        13
    ),
    (
        'ea6713fa-9bad-4417-9501-040f1ebdd2f3',
        '2e5e5953-8085-4301-a630-c930673b1ff9',
        'eccab66f-5715-46c0-be10-3f6ae91a13a2',
        20
    ),
    (
        '554312ab-ec41-442e-8a1e-9d3e2b3cbd7d',
        '2e5e5953-8085-4301-a630-c930673b1ff9',
        'dd7d0a69-c305-410d-8d94-48f2442680b4',
        16
    ),
    (
        '98d91d46-4e7c-449d-aa05-e67a4b47932c',
        '2e5e5953-8085-4301-a630-c930673b1ff9',
        'e7f5bfcf-8292-4655-ace7-f7d77c073c98',
        102
    ),
    (
        '09a02cdf-05b5-4679-b7da-60605437b7cd',
        '0dff3336-d625-4b04-a4a4-85af1471d567',
        'e7f5bfcf-8292-4655-ace7-f7d77c073c98',
        20
    ),
    (
        '3771217f-6422-4d38-9ee2-7eb92c94d35b',
        '0dff3336-d625-4b04-a4a4-85af1471d567',
        'c12fd644-d6b9-4729-8a2d-17d64f6ecb37',
        97
    ),
    (
        '67b9a4a2-8ff7-4524-a6ef-bbf04d9d1898',
        '1de963f0-775f-4dc7-93c8-056848b6d288',
        'dd7d0a69-c305-410d-8d94-48f2442680b4',
        8
    ),
    (
        'ae91df21-63e5-493c-aac1-1150d189e7f0',
        '1de963f0-775f-4dc7-93c8-056848b6d288',
        'e89ff714-adf7-41ec-af6a-b71a018b4b28',
        20
    ),
    (
        '03beecc5-a0d5-4ca4-a89f-162666f42b5e',
        'e30e6f41-babc-45f5-b9f6-a042689a5c17',
        '75d41784-523e-4135-9986-76340257a7ea',
        2
    ),
    (
        '8a47047d-fe22-4409-803e-1182ff18af15',
        'e30e6f41-babc-45f5-b9f6-a042689a5c17',
        '86afb445-d29a-4c64-b509-804d926eb7af',
        97
    ),
    (
        '473dbd05-57cf-413b-902b-6a488db4bd80',
        'fb33bdb9-d609-4d61-8534-2b243cd37044',
        'd4abf0e4-9e9a-4f43-9ff7-8abc1090eac5',
        8
    ),
    (
        'c8a6e0a4-1c4f-4c00-ac20-1ca77ef4636b',
        'fb33bdb9-d609-4d61-8534-2b243cd37044',
        '4a86be39-4819-45bb-b4b4-d72bb35764ba',
        10
    ),
    (
        '2066c182-cba2-4cdc-9101-5fcd1756cc80',
        '418cfa86-35ea-480a-9f55-814e441edf0c',
        '7c7b44ac-9631-4e23-a76b-b5d50b0de184',
        20
    ),
    (
        '2e3b9478-b621-4110-9a22-8bb00cf08fcd',
        '418cfa86-35ea-480a-9f55-814e441edf0c',
        '750504e8-c8b2-487e-9c82-84d6e0709a51',
        10
    ),
    (
        '5d981f71-6864-4d00-9fba-79f62848fd09',
        '5b43fd0c-434f-4490-ba1b-e7924437e3b4',
        '881b6709-4458-4941-9590-4054dc9f21df',
        12
    ),
    (
        'ec11f5fe-3546-4926-b208-275ff9e33cca',
        '5b43fd0c-434f-4490-ba1b-e7924437e3b4',
        'eccab66f-5715-46c0-be10-3f6ae91a13a2',
        9
    ),
    (
        '72eda3dd-75af-45a0-92bc-1d41e63399a9',
        '278ff0b5-5c0e-4fb2-8318-5ad5ce3520c3',
        'f963f128-bf45-4cd7-b4da-c4ba4c045839',
        7
    ),
    (
        'c98cf401-7b14-48c1-a91a-29effd9784cf',
        '278ff0b5-5c0e-4fb2-8318-5ad5ce3520c3',
        'f2a8a7a5-fa93-4f0a-a0b3-4bcbfba644c3',
        8
    ),
    (
        '2b887a26-5bad-40ec-9173-c0fb69afacde',
        '85a6733d-fe21-4a5f-a641-5a99a1cdd977',
        '687a5ebd-3ca1-43cc-ad6b-a96d080b7c7b',
        16
    ),
    (
        'bb21ae73-c405-4982-af70-7b9a2f8f1062',
        '85a6733d-fe21-4a5f-a641-5a99a1cdd977',
        '0653aacb-bbc1-4708-a3b1-98193d071fb9',
        102
    ),
    (
        '651536f1-a5f3-493d-bd16-bd23859ef0d5',
        '71e74a63-4a14-4c38-ade2-198da9e16ead',
        '7d643946-c854-4dbb-97a0-1a79a021471f',
        51
    ),
    (
        '3aa853e0-59bb-4a92-bbac-a83abdb3a768',
        '71e74a63-4a14-4c38-ade2-198da9e16ead',
        'ee301294-72bf-4766-bafc-3a8e161707ca',
        5
    ),
    (
        '71b286be-20f5-4c1a-971e-aef5e18d5177',
        '71e74a63-4a14-4c38-ade2-198da9e16ead',
        'b75aaddb-06ad-48d2-91a7-0182ddb79602',
        51
    ),
    (
        '66a2162b-9968-4e71-b3d7-461e8760f8ef',
        '71e74a63-4a14-4c38-ade2-198da9e16ead',
        'b05815ce-b6e9-4c18-b567-6a98192f6929',
        97
    ),
    (
        '3576cfc6-3f5b-40d7-9576-d34bb219bb2b',
        'ab23b176-c891-4966-9ce6-bb381e5682b9',
        '023eaa9c-ec48-4555-b720-54a827930c14',
        10
    ),
    (
        '2e102af7-c3fd-4848-8465-1057dcadb20d',
        'ab23b176-c891-4966-9ce6-bb381e5682b9',
        '37bd0074-7f1d-417b-a592-31c4f4ded367',
        2
    ),
    (
        'aa76a6de-5d1b-4f67-ad71-9e8204428094',
        'ab23b176-c891-4966-9ce6-bb381e5682b9',
        'cf474b5c-573f-495a-aafc-30dd81d53358',
        5
    ),
    (
        'ce1e197a-c7da-4914-8b5c-656320b7b1a7',
        'ab23b176-c891-4966-9ce6-bb381e5682b9',
        '087af08d-f66f-4679-9746-d59a39a3640a',
        10
    ),
    (
        '1ab53d4c-8334-4045-94f1-8061fbac586e',
        '28687faa-b891-4126-b5d9-59f349f18425',
        '750504e8-c8b2-487e-9c82-84d6e0709a51',
        40
    ),
    (
        '304c307b-856a-4d5a-b280-bceff64b232d',
        '28687faa-b891-4126-b5d9-59f349f18425',
        'b75aaddb-06ad-48d2-91a7-0182ddb79602',
        14
    ),
    (
        'bb0902d6-9c50-4b81-92b1-2a89b2b7827c',
        '28687faa-b891-4126-b5d9-59f349f18425',
        'e89ff714-adf7-41ec-af6a-b71a018b4b28',
        7
    ),
    (
        '83b06e10-125b-46eb-9e33-36a80c08b7b9',
        '28687faa-b891-4126-b5d9-59f349f18425',
        '881b6709-4458-4941-9590-4054dc9f21df',
        35
    ),
    (
        'aa95bb82-2765-4502-b0a6-728bdb71bf66',
        'e86bb98e-b126-4c48-ad79-575c0990a9d1',
        'e7f5bfcf-8292-4655-ace7-f7d77c073c98',
        10
    ),
    (
        'ffa535e4-50da-47d0-b665-5804083f0e1a',
        'e86bb98e-b126-4c48-ad79-575c0990a9d1',
        'd4abf0e4-9e9a-4f43-9ff7-8abc1090eac5',
        12
    ),
    (
        '7813610d-0484-4457-a0e5-2c419cc60b93',
        'e86bb98e-b126-4c48-ad79-575c0990a9d1',
        '75d41784-523e-4135-9986-76340257a7ea',
        5
    ),
    (
        '627359e2-3431-427a-b468-e60ea5402dfc',
        'e86bb98e-b126-4c48-ad79-575c0990a9d1',
        'cf474b5c-573f-495a-aafc-30dd81d53358',
        2
    ),
    (
        '6cc763a1-eafe-4d71-af02-8dffcdb7c8ad',
        '73b3dfb2-7a5f-4e86-b6a4-db03ef5f427d',
        '7d643946-c854-4dbb-97a0-1a79a021471f',
        10
    ),
    (
        '35b93ba1-bf2e-4e76-8322-aa97f8dface1',
        '73b3dfb2-7a5f-4e86-b6a4-db03ef5f427d',
        'b05815ce-b6e9-4c18-b567-6a98192f6929',
        14
    ),
    (
        '4bfeb436-f358-4930-8c4e-414c5210307d',
        '73b3dfb2-7a5f-4e86-b6a4-db03ef5f427d',
        '023eaa9c-ec48-4555-b720-54a827930c14',
        9
    ),
    (
        '187e518e-0a5e-4608-9326-0bdf9ef41a33',
        '73b3dfb2-7a5f-4e86-b6a4-db03ef5f427d',
        '7c7b44ac-9631-4e23-a76b-b5d50b0de184',
        40
    ),
    (
        '9891becb-4212-4459-b7b2-2921b2e0c1f0',
        '398fb000-3419-426a-92f5-8b8075eb1ceb',
        '86afb445-d29a-4c64-b509-804d926eb7af',
        3
    ),
    (
        '935c4684-4df2-4bf9-90d5-560768055035',
        '398fb000-3419-426a-92f5-8b8075eb1ceb',
        '0653aacb-bbc1-4708-a3b1-98193d071fb9',
        11
    ),
    (
        '1211253c-1625-4161-a4b7-93b09f4fb6dc',
        '398fb000-3419-426a-92f5-8b8075eb1ceb',
        'f963f128-bf45-4cd7-b4da-c4ba4c045839',
        51
    ),
    (
        '6209aa20-5a8d-497d-9a34-a71ec771f3de',
        '398fb000-3419-426a-92f5-8b8075eb1ceb',
        'ee301294-72bf-4766-bafc-3a8e161707ca',
        20
    ),
    (
        '527c7054-ec41-410f-a1f7-206582d51fbe',
        '7713b0a5-3187-43bf-a3a8-79d809752b54',
        'eccab66f-5715-46c0-be10-3f6ae91a13a2',
        50
    ),
    (
        '38e35985-644b-4fd0-a63a-243b502fc763',
        '7713b0a5-3187-43bf-a3a8-79d809752b54',
        '087af08d-f66f-4679-9746-d59a39a3640a',
        10
    ),
    (
        '7d0338f8-45b7-42c3-bc30-535741f06a2f',
        '7713b0a5-3187-43bf-a3a8-79d809752b54',
        '687a5ebd-3ca1-43cc-ad6b-a96d080b7c7b',
        12
    ),
    (
        '84001762-8076-455d-9fc3-aed19aaadebd',
        '7713b0a5-3187-43bf-a3a8-79d809752b54',
        'dd7d0a69-c305-410d-8d94-48f2442680b4',
        50
    ),
    (
        'a4051b8a-6c9d-4111-9e7e-b455b61d9d8e',
        '93db297c-2d64-42bf-93a9-6a6306629bf1',
        'c12fd644-d6b9-4729-8a2d-17d64f6ecb37',
        7
    ),
    (
        'befe0a04-74db-4fd9-bbb6-d544c0b2d5ba',
        '93db297c-2d64-42bf-93a9-6a6306629bf1',
        '4a86be39-4819-45bb-b4b4-d72bb35764ba',
        30
    ),
    (
        'b9540f97-3f4e-431a-bd41-67dde455c41f',
        '93db297c-2d64-42bf-93a9-6a6306629bf1',
        'f2a8a7a5-fa93-4f0a-a0b3-4bcbfba644c3',
        40
    ),
    (
        '5cd19771-e92b-4322-be5a-cb49c232d8aa',
        '93db297c-2d64-42bf-93a9-6a6306629bf1',
        '37bd0074-7f1d-417b-a592-31c4f4ded367',
        99
    ),
    (
        '65707749-9231-4b14-860a-f1a3f58b3875',
        'a1a149e6-986c-4873-8e7b-7d441192445f',
        'f2a8a7a5-fa93-4f0a-a0b3-4bcbfba644c3',
        16
    ),
    (
        '4aea0ee1-e0cc-4ce1-b8a7-ecb25498d6bc',
        'a1a149e6-986c-4873-8e7b-7d441192445f',
        '75d41784-523e-4135-9986-76340257a7ea',
        23
    ),
    (
        '95597f0f-3caa-4760-bdc5-131346a227b6',
        'd8d50911-3978-4f7b-af2c-636a6afb0d0f',
        'c12fd644-d6b9-4729-8a2d-17d64f6ecb37',
        3
    ),
    (
        '83a92243-5d06-4d35-8260-7ad6afca293d',
        'd8d50911-3978-4f7b-af2c-636a6afb0d0f',
        '37bd0074-7f1d-417b-a592-31c4f4ded367',
        10
    ),
    (
        '38f769b9-2f5c-46a8-b3d2-144dcd8b9bbc',
        '6dfe635b-a678-4b87-84aa-febac79d375f',
        'cf474b5c-573f-495a-aafc-30dd81d53358',
        9
    ),
    (
        'e4ed336d-f8cd-4fc9-94bb-3c5126bab2c6',
        '6dfe635b-a678-4b87-84aa-febac79d375f',
        'dd7d0a69-c305-410d-8d94-48f2442680b4',
        110
    ),
    (
        '2af33790-330d-42cb-8a9b-603c0b91b3e2',
        '4f1b02ad-0218-4354-8990-3f1f69596624',
        'd4abf0e4-9e9a-4f43-9ff7-8abc1090eac5',
        14
    ),
    (
        'a4c2845e-8454-4e39-9a43-cc9fdc8e5ad0',
        '4f1b02ad-0218-4354-8990-3f1f69596624',
        '0653aacb-bbc1-4708-a3b1-98193d071fb9',
        35
    ),
    (
        'bbd0159b-f380-4958-916a-6eb65ae29989',
        '3c89c056-3c88-4b1b-a044-aed0d617f5f9',
        'ee301294-72bf-4766-bafc-3a8e161707ca',
        14
    ),
    (
        'c107bd56-48c2-4a66-96c4-aff4d1b0094f',
        '3c89c056-3c88-4b1b-a044-aed0d617f5f9',
        'e7f5bfcf-8292-4655-ace7-f7d77c073c98',
        23
    ),
    (
        '12a66125-f22d-4dce-b052-b72f99957dd8',
        '7dfb5d84-d289-4773-a3c6-db93b60dd9c0',
        '7c7b44ac-9631-4e23-a76b-b5d50b0de184',
        10
    ),
    (
        '2e099dd0-306f-4ea0-8ef4-f96cc8cdbd9c',
        '7dfb5d84-d289-4773-a3c6-db93b60dd9c0',
        'f963f128-bf45-4cd7-b4da-c4ba4c045839',
        20
    ),
    (
        '646edc3e-ffe9-40d3-8fce-77866c463a9a',
        '2f918822-601c-4e44-b48c-0b8ec4ba750b',
        'e89ff714-adf7-41ec-af6a-b71a018b4b28',
        12
    ),
    (
        '971c3a99-0474-45fd-ac11-4224fdda2bd5',
        '2f918822-601c-4e44-b48c-0b8ec4ba750b',
        '4a86be39-4819-45bb-b4b4-d72bb35764ba',
        6
    ),
    (
        '45d71547-1a83-44f5-902b-952957fc6d4c',
        '90eacf2c-c117-4441-af69-b035329f61e7',
        '087af08d-f66f-4679-9746-d59a39a3640a',
        40
    ),
    (
        '1c986107-cc1e-48aa-8592-405d40f97535',
        '90eacf2c-c117-4441-af69-b035329f61e7',
        '86afb445-d29a-4c64-b509-804d926eb7af',
        99
    );